iso_code,continent,location,date,total_cases,new_cases,new_cases_smoothed,total_deaths,new_deaths,new_deaths_smoothed,total_cases_per_million,new_cases_per_million,new_cases_smoothed_per_million,total_deaths_per_million,new_deaths_per_million,new_deaths_smoothed_per_million,total_tests,new_tests,total_tests_per_thousand,new_tests_per_thousand,new_tests_smoothed,new_tests_smoothed_per_thousand,tests_per_case,positive_rate,tests_units,stringency_index,population,population_density,median_age,aged_65_older,aged_70_older,gdp_per_capita,extreme_poverty,cardiovasc_death_rate,diabetes_prevalence,female_smokers,male_smokers,handwashing_facilities,hospital_beds_per_thousand,life_expectancy,human_development_index
ARG,South America,Argentina,2020-03-04,1.0,1.0,,,0.0,,0.022000000000000002,0.022000000000000002,,,0.0,,,,,,,,,,,11.11,45195777.0,16.177,31.9,11.198,7.441,18933.907,0.6,191.032,5.5,16.2,27.7,,5.0,76.67,0.825
ARG,South America,Argentina,2020-03-06,2.0,1.0,,,0.0,,0.044000000000000004,0.022000000000000002,,,0.0,,,,,,,,,,,11.11,45195777.0,16.177,31.9,11.198,7.441,18933.907,0.6,191.032,5.5,16.2,27.7,,5.0,76.67,0.825
ARG,South America,Argentina,2020-03-07,8.0,6.0,,,0.0,,0.177,0.133,,,0.0,,,,,,,,,,,11.11,45195777.0,16.177,31.9,11.198,7.441,18933.907,0.6,191.032,5.5,16.2,27.7,,5.0,76.67,0.825
ARG,South America,Argentina,2020-03-08,9.0,1.0,,1.0,1.0,,0.19899999999999998,0.022000000000000002,,0.022000000000000002,0.022000000000000002,,,,,,,,,,,11.11,45195777.0,16.177,31.9,11.198,7.441,18933.907,0.6,191.032,5.5,16.2,27.7,,5.0,76.67,0.825
ARG,South America,Argentina,2020-03-09,12.0,3.0,,1.0,0.0,,0.266,0.066,,0.022000000000000002,0.0,,,,,,,,,,,11.11,45195777.0,16.177,31.9,11.198,7.441,18933.907,0.6,191.032,5.5,16.2,27.7,,5.0,76.67,0.825
ARG,South America,Argentina,2020-03-10,,,1.714,,,0.14300000000000002,,,0.038,,,0.003,,,,,,,,,,11.11,45195777.0,16.177,31.9,11.198,7.441,18933.907,0.6,191.032,5.5,16.2,27.7,,5.0,76.67,0.825
ARG,South America,Argentina,2020-03-11,19.0,7.0,2.571,1.0,0.0,0.14300000000000002,0.42,0.155,0.057,0.022000000000000002,0.0,0.003,,,,,,,,,,25.0,45195777.0,16.177,31.9,11.198,7.441,18933.907,0.6,191.032,5.5,16.2,27.7,,5.0,76.67,0.825
ARG,South America,Argentina,2020-03-12,,,2.571,,,0.14300000000000002,,,0.057,,,0.003,,,,,,,,,,25.0,45195777.0,16.177,31.9,11.198,7.441,18933.907,0.6,191.032,5.5,16.2,27.7,,5.0,76.67,0.825
ARG,South America,Argentina,2020-03-13,31.0,12.0,4.143,1.0,0.0,0.14300000000000002,0.6859999999999999,0.266,0.092,0.022000000000000002,0.0,0.003,,,,,,,,,,25.0,45195777.0,16.177,31.9,11.198,7.441,18933.907,0.6,191.032,5.5,16.2,27.7,,5.0,76.67,0.825
ARG,South America,Argentina,2020-03-14,34.0,3.0,3.714,2.0,1.0,0.28600000000000003,0.752,0.066,0.08199999999999999,0.044000000000000004,0.022000000000000002,0.006,,,,,,,,,,25.0,45195777.0,16.177,31.9,11.198,7.441,18933.907,0.6,191.032,5.5,16.2,27.7,,5.0,76.67,0.825
ARG,South America,Argentina,2020-03-15,45.0,11.0,5.143,2.0,0.0,0.14300000000000002,0.996,0.243,0.114,0.044000000000000004,0.0,0.003,,,,,,,,,,25.0,45195777.0,16.177,31.9,11.198,7.441,18933.907,0.6,191.032,5.5,16.2,27.7,,5.0,76.67,0.825
ARG,South America,Argentina,2020-03-16,56.0,11.0,6.2860000000000005,2.0,0.0,0.14300000000000002,1.239,0.243,0.139,0.044000000000000004,0.0,0.003,,,,,,,,,,41.67,45195777.0,16.177,31.9,11.198,7.441,18933.907,0.6,191.032,5.5,16.2,27.7,,5.0,76.67,0.825
ARG,South America,Argentina,2020-03-17,65.0,9.0,7.571000000000001,2.0,0.0,0.14300000000000002,1.4380000000000002,0.19899999999999998,0.168,0.044000000000000004,0.0,0.003,,,,,,,,,,41.67,45195777.0,16.177,31.9,11.198,7.441,18933.907,0.6,191.032,5.5,16.2,27.7,,5.0,76.67,0.825
ARG,South America,Argentina,2020-03-18,79.0,14.0,8.571,2.0,0.0,0.14300000000000002,1.7480000000000002,0.31,0.19,0.044000000000000004,0.0,0.003,,,,,,,,,,41.67,45195777.0,16.177,31.9,11.198,7.441,18933.907,0.6,191.032,5.5,16.2,27.7,,5.0,76.67,0.825
ARG,South America,Argentina,2020-03-19,97.0,18.0,11.142999999999999,2.0,0.0,0.14300000000000002,2.146,0.39799999999999996,0.247,0.044000000000000004,0.0,0.003,,,,,,,,,,75.0,45195777.0,16.177,31.9,11.198,7.441,18933.907,0.6,191.032,5.5,16.2,27.7,,5.0,76.67,0.825
ARG,South America,Argentina,2020-03-20,128.0,31.0,13.857000000000001,3.0,1.0,0.28600000000000003,2.832,0.6859999999999999,0.307,0.066,0.022000000000000002,0.006,,,,,,,,,,88.89,45195777.0,16.177,31.9,11.198,7.441,18933.907,0.6,191.032,5.5,16.2,27.7,,5.0,76.67,0.825
ARG,South America,Argentina,2020-03-21,158.0,30.0,17.714000000000002,3.0,0.0,0.14300000000000002,3.4960000000000004,0.664,0.392,0.066,0.0,0.003,,,,,,,,,,88.89,45195777.0,16.177,31.9,11.198,7.441,18933.907,0.6,191.032,5.5,16.2,27.7,,5.0,76.67,0.825
ARG,South America,Argentina,2020-03-22,225.0,67.0,25.714000000000002,4.0,1.0,0.28600000000000003,4.978,1.482,0.569,0.08900000000000001,0.022000000000000002,0.006,,,,,,,,,,88.89,45195777.0,16.177,31.9,11.198,7.441,18933.907,0.6,191.032,5.5,16.2,27.7,,5.0,76.67,0.825
ARG,South America,Argentina,2020-03-23,266.0,41.0,30.0,4.0,0.0,0.28600000000000003,5.886,0.907,0.664,0.08900000000000001,0.0,0.006,,,,,,,,,,100.0,45195777.0,16.177,31.9,11.198,7.441,18933.907,0.6,191.032,5.5,16.2,27.7,,5.0,76.67,0.825
ARG,South America,Argentina,2020-03-24,301.0,35.0,33.714,4.0,0.0,0.28600000000000003,6.66,0.774,0.746,0.08900000000000001,0.0,0.006,,,,,,,,,,100.0,45195777.0,16.177,31.9,11.198,7.441,18933.907,0.6,191.032,5.5,16.2,27.7,,5.0,76.67,0.825
ARG,South America,Argentina,2020-03-25,387.0,86.0,44.0,6.0,2.0,0.5710000000000001,8.562999999999999,1.903,0.9740000000000001,0.133,0.044000000000000004,0.013000000000000001,,,,,,,,,,100.0,45195777.0,16.177,31.9,11.198,7.441,18933.907,0.6,191.032,5.5,16.2,27.7,,5.0,76.67,0.825
ARG,South America,Argentina,2020-03-26,502.0,115.0,57.857,8.0,2.0,0.857,11.107000000000001,2.544,1.28,0.177,0.044000000000000004,0.019,,,,,,,,,,100.0,45195777.0,16.177,31.9,11.198,7.441,18933.907,0.6,191.032,5.5,16.2,27.7,,5.0,76.67,0.825
ARG,South America,Argentina,2020-03-27,589.0,87.0,65.857,12.0,4.0,1.286,13.032,1.925,1.4569999999999999,0.266,0.08900000000000001,0.027999999999999997,,,,,,,,,,100.0,45195777.0,16.177,31.9,11.198,7.441,18933.907,0.6,191.032,5.5,16.2,27.7,,5.0,76.67,0.825
ARG,South America,Argentina,2020-03-28,690.0,101.0,76.0,17.0,5.0,2.0,15.267000000000001,2.235,1.682,0.376,0.111,0.044000000000000004,,,,,,,,,,100.0,45195777.0,16.177,31.9,11.198,7.441,18933.907,0.6,191.032,5.5,16.2,27.7,,5.0,76.67,0.825
ARG,South America,Argentina,2020-03-29,745.0,55.0,74.286,19.0,2.0,2.1430000000000002,16.484,1.217,1.6440000000000001,0.42,0.044000000000000004,0.047,,,,,,,,,,100.0,45195777.0,16.177,31.9,11.198,7.441,18933.907,0.6,191.032,5.5,16.2,27.7,,5.0,76.67,0.825
ARG,South America,Argentina,2020-03-30,820.0,75.0,79.143,20.0,1.0,2.286,18.143,1.659,1.751,0.44299999999999995,0.022000000000000002,0.051,,,,,,,,,,100.0,45195777.0,16.177,31.9,11.198,7.441,18933.907,0.6,191.032,5.5,16.2,27.7,,5.0,76.67,0.825
ARG,South America,Argentina,2020-03-31,966.0,146.0,95.0,24.0,4.0,2.8569999999999998,21.374000000000002,3.23,2.102,0.531,0.08900000000000001,0.063,,,,,,,,,,100.0,45195777.0,16.177,31.9,11.198,7.441,18933.907,0.6,191.032,5.5,16.2,27.7,,5.0,76.67,0.825
ARG,South America,Argentina,2020-04-01,966.0,0.0,82.714,24.0,0.0,2.571,21.374000000000002,0.0,1.83,0.531,0.0,0.057,,,,,,,,,,100.0,45195777.0,16.177,31.9,11.198,7.441,18933.907,0.6,191.032,5.5,16.2,27.7,,5.0,76.67,0.825
ARG,South America,Argentina,2020-04-02,1133.0,167.0,90.14299999999999,31.0,7.0,3.286,25.069000000000003,3.695,1.994,0.6859999999999999,0.155,0.073,,,,,,,,,,100.0,45195777.0,16.177,31.9,11.198,7.441,18933.907,0.6,191.032,5.5,16.2,27.7,,5.0,76.67,0.825
ARG,South America,Argentina,2020-04-03,1133.0,0.0,77.714,34.0,3.0,3.1430000000000002,25.069000000000003,0.0,1.72,0.752,0.066,0.07,,,,,,,,,,100.0,45195777.0,16.177,31.9,11.198,7.441,18933.907,0.6,191.032,5.5,16.2,27.7,,5.0,76.67,0.825
ARG,South America,Argentina,2020-04-04,1265.0,132.0,82.14299999999999,37.0,3.0,2.8569999999999998,27.989,2.9210000000000003,1.817,0.8190000000000001,0.066,0.063,,,,,,,,,,100.0,45195777.0,16.177,31.9,11.198,7.441,18933.907,0.6,191.032,5.5,16.2,27.7,,5.0,76.67,0.825
ARG,South America,Argentina,2020-04-05,1451.0,186.0,100.85700000000001,43.0,6.0,3.429,32.105,4.115,2.2319999999999998,0.951,0.133,0.076,,,,,,,,,,100.0,45195777.0,16.177,31.9,11.198,7.441,18933.907,0.6,191.032,5.5,16.2,27.7,,5.0,76.67,0.825
ARG,South America,Argentina,2020-04-06,1554.0,103.0,104.85700000000001,46.0,3.0,3.714,34.384,2.279,2.32,1.018,0.066,0.08199999999999999,,,,,,,,,,100.0,45195777.0,16.177,31.9,11.198,7.441,18933.907,0.6,191.032,5.5,16.2,27.7,,5.0,76.67,0.825
ARG,South America,Argentina,2020-04-07,1628.0,74.0,94.571,53.0,7.0,4.143,36.021,1.6369999999999998,2.092,1.173,0.155,0.092,,,,,,,,,,100.0,45195777.0,16.177,31.9,11.198,7.441,18933.907,0.6,191.032,5.5,16.2,27.7,,5.0,76.67,0.825
ARG,South America,Argentina,2020-04-08,1715.0,87.0,107.0,60.0,7.0,5.143,37.946,1.925,2.367,1.328,0.155,0.114,,,,,,,,,,100.0,45195777.0,16.177,31.9,11.198,7.441,18933.907,0.6,191.032,5.5,16.2,27.7,,5.0,76.67,0.825
ARG,South America,Argentina,2020-04-09,1795.0,80.0,94.571,65.0,5.0,4.857,39.716,1.77,2.092,1.4380000000000002,0.111,0.107,,,,,,,,,,100.0,45195777.0,16.177,31.9,11.198,7.441,18933.907,0.6,191.032,5.5,16.2,27.7,,5.0,76.67,0.825
ARG,South America,Argentina,2020-04-10,1894.0,99.0,108.714,79.0,14.0,6.428999999999999,41.907,2.19,2.405,1.7480000000000002,0.31,0.142,,,,,,,,,,100.0,45195777.0,16.177,31.9,11.198,7.441,18933.907,0.6,191.032,5.5,16.2,27.7,,5.0,76.67,0.825
ARG,South America,Argentina,2020-04-11,1975.0,81.0,101.429,82.0,3.0,6.428999999999999,43.699,1.7919999999999998,2.244,1.814,0.066,0.142,,,,,,,,,,100.0,45195777.0,16.177,31.9,11.198,7.441,18933.907,0.6,191.032,5.5,16.2,27.7,,5.0,76.67,0.825
ARG,South America,Argentina,2020-04-12,2137.0,162.0,98.0,89.0,7.0,6.571000000000001,47.283,3.5839999999999996,2.168,1.969,0.155,0.145,,,,,,,,,,100.0,45195777.0,16.177,31.9,11.198,7.441,18933.907,0.6,191.032,5.5,16.2,27.7,,5.0,76.67,0.825
ARG,South America,Argentina,2020-04-13,2203.0,66.0,92.714,95.0,6.0,7.0,48.743,1.46,2.051,2.102,0.133,0.155,,,,,,,,,,100.0,45195777.0,16.177,31.9,11.198,7.441,18933.907,0.6,191.032,5.5,16.2,27.7,,5.0,76.67,0.825
ARG,South America,Argentina,2020-04-14,2272.0,69.0,92.0,98.0,3.0,6.428999999999999,50.27,1.527,2.036,2.168,0.066,0.142,,,,,,,,,,100.0,45195777.0,16.177,31.9,11.198,7.441,18933.907,0.6,191.032,5.5,16.2,27.7,,5.0,76.67,0.825
ARG,South America,Argentina,2020-04-15,2432.0,160.0,102.429,105.0,7.0,6.428999999999999,53.81,3.54,2.266,2.323,0.155,0.142,,,,,,,,,,100.0,45195777.0,16.177,31.9,11.198,7.441,18933.907,0.6,191.032,5.5,16.2,27.7,,5.0,76.67,0.825
ARG,South America,Argentina,2020-04-16,2432.0,0.0,91.0,109.0,4.0,6.2860000000000005,53.81,0.0,2.013,2.412,0.08900000000000001,0.139,,,,,,,,,,100.0,45195777.0,16.177,31.9,11.198,7.441,18933.907,0.6,191.032,5.5,16.2,27.7,,5.0,76.67,0.825
ARG,South America,Argentina,2020-04-17,2560.0,128.0,95.14299999999999,115.0,6.0,5.143,56.641999999999996,2.832,2.105,2.544,0.133,0.114,,,,,,,,,,100.0,45195777.0,16.177,31.9,11.198,7.441,18933.907,0.6,191.032,5.5,16.2,27.7,,5.0,76.67,0.825
ARG,South America,Argentina,2020-04-18,2658.0,98.0,97.571,122.0,7.0,5.7139999999999995,58.81100000000001,2.168,2.1590000000000003,2.699,0.155,0.126,,,,,,,,,,100.0,45195777.0,16.177,31.9,11.198,7.441,18933.907,0.6,191.032,5.5,16.2,27.7,,5.0,76.67,0.825
ARG,South America,Argentina,2020-04-19,2828.0,170.0,98.714,132.0,10.0,6.143,62.571999999999996,3.761,2.184,2.9210000000000003,0.221,0.136,,,,,,,,,,100.0,45195777.0,16.177,31.9,11.198,7.441,18933.907,0.6,191.032,5.5,16.2,27.7,,5.0,76.67,0.825
ARG,South America,Argentina,2020-04-20,2930.0,102.0,103.85700000000001,134.0,2.0,5.571000000000001,64.829,2.2569999999999997,2.298,2.965,0.044000000000000004,0.12300000000000001,,,,,,,,,,100.0,45195777.0,16.177,31.9,11.198,7.441,18933.907,0.6,191.032,5.5,16.2,27.7,,5.0,76.67,0.825
ARG,South America,Argentina,2020-04-21,3020.0,90.0,106.85700000000001,142.0,8.0,6.2860000000000005,66.82,1.9909999999999999,2.364,3.142,0.177,0.139,,,,,,,,,,100.0,45195777.0,16.177,31.9,11.198,7.441,18933.907,0.6,191.032,5.5,16.2,27.7,,5.0,76.67,0.825
ARG,South America,Argentina,2020-04-22,3132.0,112.0,100.0,151.0,9.0,6.571000000000001,69.29899999999999,2.478,2.213,3.341,0.19899999999999998,0.145,,,,,,,,,,100.0,45195777.0,16.177,31.9,11.198,7.441,18933.907,0.6,191.032,5.5,16.2,27.7,,5.0,76.67,0.825
ARG,South America,Argentina,2020-04-23,3276.0,144.0,120.571,159.0,8.0,7.143,72.485,3.1860000000000004,2.668,3.5180000000000002,0.177,0.158,,,,,,,,,,100.0,45195777.0,16.177,31.9,11.198,7.441,18933.907,0.6,191.032,5.5,16.2,27.7,,5.0,76.67,0.825
ARG,South America,Argentina,2020-04-24,3423.0,147.0,123.286,165.0,6.0,7.143,75.737,3.253,2.728,3.6510000000000002,0.133,0.158,,,,,,,,,,100.0,45195777.0,16.177,31.9,11.198,7.441,18933.907,0.6,191.032,5.5,16.2,27.7,,5.0,76.67,0.825
ARG,South America,Argentina,2020-04-25,3423.0,0.0,109.286,167.0,2.0,6.428999999999999,75.737,0.0,2.418,3.695,0.044000000000000004,0.142,,,,,,,,,,100.0,45195777.0,16.177,31.9,11.198,7.441,18933.907,0.6,191.032,5.5,16.2,27.7,,5.0,76.67,0.825
ARG,South America,Argentina,2020-04-26,3767.0,344.0,134.143,185.0,18.0,7.571000000000001,83.348,7.611000000000001,2.968,4.093,0.39799999999999996,0.168,,,,,,,,,,98.15,45195777.0,16.177,31.9,11.198,7.441,18933.907,0.6,191.032,5.5,16.2,27.7,,5.0,76.67,0.825
ARG,South America,Argentina,2020-04-27,3767.0,0.0,119.571,186.0,1.0,7.428999999999999,83.348,0.0,2.6460000000000004,4.115,0.022000000000000002,0.16399999999999998,,,,,,,,,,88.89,45195777.0,16.177,31.9,11.198,7.441,18933.907,0.6,191.032,5.5,16.2,27.7,,5.0,76.67,0.825
ARG,South America,Argentina,2020-04-28,3990.0,223.0,138.571,197.0,11.0,7.857,88.28299999999999,4.934,3.0660000000000003,4.359,0.243,0.174,,,,,,,,,,88.89,45195777.0,16.177,31.9,11.198,7.441,18933.907,0.6,191.032,5.5,16.2,27.7,,5.0,76.67,0.825
ARG,South America,Argentina,2020-04-29,4114.0,124.0,140.286,207.0,10.0,8.0,91.02600000000001,2.7439999999999998,3.1039999999999996,4.58,0.221,0.177,,,,,,,,,,88.89,45195777.0,16.177,31.9,11.198,7.441,18933.907,0.6,191.032,5.5,16.2,27.7,,5.0,76.67,0.825
ARG,South America,Argentina,2020-04-30,4272.0,158.0,142.286,214.0,7.0,7.857,94.522,3.4960000000000004,3.148,4.735,0.155,0.174,,,,,,,,,,88.89,45195777.0,16.177,31.9,11.198,7.441,18933.907,0.6,191.032,5.5,16.2,27.7,,5.0,76.67,0.825
ARG,South America,Argentina,2020-05-01,4415.0,143.0,141.714,218.0,4.0,7.571000000000001,97.686,3.1639999999999997,3.136,4.823,0.08900000000000001,0.168,,,,,,,,,,88.89,45195777.0,16.177,31.9,11.198,7.441,18933.907,0.6,191.032,5.5,16.2,27.7,,5.0,76.67,0.825
ARG,South America,Argentina,2020-05-02,4519.0,104.0,156.571,225.0,7.0,8.286,99.98700000000001,2.301,3.464,4.978,0.155,0.183,,,,,,,,,,88.89,45195777.0,16.177,31.9,11.198,7.441,18933.907,0.6,191.032,5.5,16.2,27.7,,5.0,76.67,0.825
ARG,South America,Argentina,2020-05-03,4668.0,149.0,128.714,237.0,12.0,7.428999999999999,103.28399999999999,3.2969999999999997,2.8480000000000003,5.244,0.266,0.16399999999999998,,,,,,,,,,88.89,45195777.0,16.177,31.9,11.198,7.441,18933.907,0.6,191.032,5.5,16.2,27.7,,5.0,76.67,0.825
ARG,South America,Argentina,2020-05-04,4770.0,102.0,143.286,246.0,9.0,8.571,105.541,2.2569999999999997,3.17,5.443,0.19899999999999998,0.19,,,,,,,,,,88.89,45195777.0,16.177,31.9,11.198,7.441,18933.907,0.6,191.032,5.5,16.2,27.7,,5.0,76.67,0.825
ARG,South America,Argentina,2020-05-05,4874.0,104.0,126.286,260.0,14.0,9.0,107.84200000000001,2.301,2.7939999999999996,5.752999999999999,0.31,0.19899999999999998,,,,,,,,,,88.89,45195777.0,16.177,31.9,11.198,7.441,18933.907,0.6,191.032,5.5,16.2,27.7,,5.0,76.67,0.825
ARG,South America,Argentina,2020-05-06,5007.0,133.0,127.571,264.0,4.0,8.142999999999999,110.785,2.943,2.823,5.841,0.08900000000000001,0.18,,,,,,,,,,88.89,45195777.0,16.177,31.9,11.198,7.441,18933.907,0.6,191.032,5.5,16.2,27.7,,5.0,76.67,0.825
ARG,South America,Argentina,2020-05-07,5195.0,188.0,131.857,273.0,9.0,8.429,114.944,4.16,2.917,6.04,0.19899999999999998,0.18600000000000003,,,,,,,,,,88.89,45195777.0,16.177,31.9,11.198,7.441,18933.907,0.6,191.032,5.5,16.2,27.7,,5.0,76.67,0.825
ARG,South America,Argentina,2020-05-08,5358.0,163.0,134.714,282.0,9.0,9.142999999999999,118.551,3.6069999999999998,2.9810000000000003,6.24,0.19899999999999998,0.20199999999999999,,,,,,,,,,88.89,45195777.0,16.177,31.9,11.198,7.441,18933.907,0.6,191.032,5.5,16.2,27.7,,5.0,76.67,0.825
ARG,South America,Argentina,2020-05-09,5598.0,240.0,154.143,293.0,11.0,9.714,123.861,5.31,3.411,6.483,0.243,0.215,,,,,,,,,,88.89,45195777.0,16.177,31.9,11.198,7.441,18933.907,0.6,191.032,5.5,16.2,27.7,,5.0,76.67,0.825
ARG,South America,Argentina,2020-05-10,5763.0,165.0,156.429,300.0,7.0,9.0,127.512,3.6510000000000002,3.4610000000000003,6.638,0.155,0.19899999999999998,,,,,,,,,,88.89,45195777.0,16.177,31.9,11.198,7.441,18933.907,0.6,191.032,5.5,16.2,27.7,,5.0,76.67,0.825
ARG,South America,Argentina,2020-05-11,5776.0,13.0,143.714,300.0,0.0,7.7139999999999995,127.8,0.28800000000000003,3.18,6.638,0.0,0.171,,,,,,,,,,94.44,45195777.0,16.177,31.9,11.198,7.441,18933.907,0.6,191.032,5.5,16.2,27.7,,5.0,76.67,0.825
ARG,South America,Argentina,2020-05-12,6021.0,245.0,163.857,305.0,5.0,6.428999999999999,133.22,5.421,3.625,6.747999999999999,0.111,0.142,,,,,,,,,,90.74,45195777.0,16.177,31.9,11.198,7.441,18933.907,0.6,191.032,5.5,16.2,27.7,,5.0,76.67,0.825
ARG,South America,Argentina,2020-05-13,6550.0,529.0,220.429,319.0,14.0,7.857,144.925,11.705,4.877,7.058,0.31,0.174,,,,,,,,,,90.74,45195777.0,16.177,31.9,11.198,7.441,18933.907,0.6,191.032,5.5,16.2,27.7,,5.0,76.67,0.825
ARG,South America,Argentina,2020-05-14,6866.0,316.0,238.71400000000003,329.0,10.0,8.0,151.917,6.992000000000001,5.282,7.279,0.221,0.177,,,,,,,,,,90.74,45195777.0,16.177,31.9,11.198,7.441,18933.907,0.6,191.032,5.5,16.2,27.7,,5.0,76.67,0.825
ARG,South America,Argentina,2020-05-15,7121.0,255.0,251.857,353.0,24.0,10.142999999999999,157.559,5.642,5.5729999999999995,7.81,0.531,0.22399999999999998,,,,,,,,,,90.74,45195777.0,16.177,31.9,11.198,7.441,18933.907,0.6,191.032,5.5,16.2,27.7,,5.0,76.67,0.825
ARG,South America,Argentina,2020-05-16,7466.0,345.0,266.857,356.0,3.0,9.0,165.192,7.632999999999999,5.904,7.877000000000001,0.066,0.19899999999999998,,,,,,,,,,90.74,45195777.0,16.177,31.9,11.198,7.441,18933.907,0.6,191.032,5.5,16.2,27.7,,5.0,76.67,0.825
ARG,South America,Argentina,2020-05-17,7792.0,326.0,289.857,363.0,7.0,9.0,172.405,7.212999999999999,6.412999999999999,8.032,0.155,0.19899999999999998,,,,,,,,,,90.74,45195777.0,16.177,31.9,11.198,7.441,18933.907,0.6,191.032,5.5,16.2,27.7,,5.0,76.67,0.825
ARG,South America,Argentina,2020-05-18,7792.0,0.0,288.0,366.0,3.0,9.429,172.405,0.0,6.372000000000001,8.097999999999999,0.066,0.209,,,,,,,,,,90.74,45195777.0,16.177,31.9,11.198,7.441,18933.907,0.6,191.032,5.5,16.2,27.7,,5.0,76.67,0.825
ARG,South America,Argentina,2020-05-19,8358.0,566.0,333.85699999999997,382.0,16.0,11.0,184.929,12.523,7.3870000000000005,8.452,0.354,0.243,,,,,,,,,,90.74,45195777.0,16.177,31.9,11.198,7.441,18933.907,0.6,191.032,5.5,16.2,27.7,,5.0,76.67,0.825
ARG,South America,Argentina,2020-05-20,8796.0,438.0,320.857,393.0,11.0,10.571,194.62,9.691,7.099,8.696,0.243,0.23399999999999999,,,,,,,,,,90.74,45195777.0,16.177,31.9,11.198,7.441,18933.907,0.6,191.032,5.5,16.2,27.7,,5.0,76.67,0.825
ARG,South America,Argentina,2020-05-21,9270.0,474.0,343.42900000000003,403.0,10.0,10.571,205.108,10.488,7.599,8.917,0.221,0.23399999999999999,,,,,,,,,,90.74,45195777.0,16.177,31.9,11.198,7.441,18933.907,0.6,191.032,5.5,16.2,27.7,,5.0,76.67,0.825
ARG,South America,Argentina,2020-05-22,9918.0,648.0,399.57099999999997,416.0,13.0,9.0,219.445,14.338,8.841000000000001,9.204,0.28800000000000003,0.19899999999999998,,,,,,,,,,90.74,45195777.0,16.177,31.9,11.198,7.441,18933.907,0.6,191.032,5.5,16.2,27.7,,5.0,76.67,0.825
ARG,South America,Argentina,2020-05-23,10636.0,718.0,452.85699999999997,433.0,17.0,11.0,235.332,15.886,10.02,9.581,0.376,0.243,,,,,,,,,,90.74,45195777.0,16.177,31.9,11.198,7.441,18933.907,0.6,191.032,5.5,16.2,27.7,,5.0,76.67,0.825
ARG,South America,Argentina,2020-05-24,11340.0,704.0,506.85699999999997,445.0,12.0,11.714,250.908,15.577,11.215,9.846,0.266,0.259,,,,,,,,,,90.74,45195777.0,16.177,31.9,11.198,7.441,18933.907,0.6,191.032,5.5,16.2,27.7,,5.0,76.67,0.825
ARG,South America,Argentina,2020-05-25,12063.0,723.0,610.143,452.0,7.0,12.286,266.905,15.997,13.5,10.001,0.155,0.272,,,,,,,,,,90.74,45195777.0,16.177,31.9,11.198,7.441,18933.907,0.6,191.032,5.5,16.2,27.7,,5.0,76.67,0.825
ARG,South America,Argentina,2020-05-26,12615.0,552.0,608.143,467.0,15.0,12.142999999999999,279.119,12.214,13.456,10.333,0.332,0.26899999999999996,,,,,,,,,,90.74,45195777.0,16.177,31.9,11.198,7.441,18933.907,0.6,191.032,5.5,16.2,27.7,,5.0,76.67,0.825
ARG,South America,Argentina,2020-05-27,13215.0,600.0,631.286,484.0,17.0,13.0,292.395,13.276,13.968,10.709000000000001,0.376,0.28800000000000003,,,,,,,,,,90.74,45195777.0,16.177,31.9,11.198,7.441,18933.907,0.6,191.032,5.5,16.2,27.7,,5.0,76.67,0.825
ARG,South America,Argentina,2020-05-28,13920.0,705.0,664.2860000000001,500.0,16.0,13.857000000000001,307.993,15.599,14.698,11.062999999999999,0.354,0.307,,,,,,,,,,90.74,45195777.0,16.177,31.9,11.198,7.441,18933.907,0.6,191.032,5.5,16.2,27.7,,5.0,76.67,0.825
ARG,South America,Argentina,2020-05-29,14689.0,769.0,681.571,508.0,8.0,13.142999999999999,325.008,17.015,15.08,11.24,0.177,0.29100000000000004,,,,,,,,,,90.74,45195777.0,16.177,31.9,11.198,7.441,18933.907,0.6,191.032,5.5,16.2,27.7,,5.0,76.67,0.825
ARG,South America,Argentina,2020-05-30,15406.0,717.0,681.429,520.0,12.0,12.429,340.87300000000005,15.864,15.077,11.505,0.266,0.275,,,,,,,,,,90.74,45195777.0,16.177,31.9,11.198,7.441,18933.907,0.6,191.032,5.5,16.2,27.7,,5.0,76.67,0.825
ARG,South America,Argentina,2020-05-31,16201.0,795.0,694.429,528.0,8.0,11.857000000000001,358.463,17.59,15.365,11.683,0.177,0.262,,,,,,,,,,90.74,45195777.0,16.177,31.9,11.198,7.441,18933.907,0.6,191.032,5.5,16.2,27.7,,5.0,76.67,0.825
ARG,South America,Argentina,2020-06-01,16838.0,637.0,682.143,539.0,11.0,12.429,372.55699999999996,14.094000000000001,15.093,11.925999999999998,0.243,0.275,,,,,,,,,,90.74,45195777.0,16.177,31.9,11.198,7.441,18933.907,0.6,191.032,5.5,16.2,27.7,,5.0,76.67,0.825
ARG,South America,Argentina,2020-06-02,17402.0,564.0,683.857,556.0,17.0,12.714,385.036,12.479000000000001,15.130999999999998,12.302,0.376,0.281,,,,,,,,,,90.74,45195777.0,16.177,31.9,11.198,7.441,18933.907,0.6,191.032,5.5,16.2,27.7,,5.0,76.67,0.825
ARG,South America,Argentina,2020-06-03,18306.0,904.0,727.2860000000001,569.0,13.0,12.142999999999999,405.038,20.002,16.092,12.59,0.28800000000000003,0.26899999999999996,,,,,,,,,,90.74,45195777.0,16.177,31.9,11.198,7.441,18933.907,0.6,191.032,5.5,16.2,27.7,,5.0,76.67,0.825
ARG,South America,Argentina,2020-06-04,19255.0,949.0,762.143,583.0,14.0,11.857000000000001,426.035,20.998,16.863,12.899000000000001,0.31,0.262,,,,,,,,,,90.74,45195777.0,16.177,31.9,11.198,7.441,18933.907,0.6,191.032,5.5,16.2,27.7,,5.0,76.67,0.825
ARG,South America,Argentina,2020-06-05,19255.0,0.0,652.286,588.0,5.0,11.429,426.035,0.0,14.432,13.01,0.111,0.253,,,,,,,,,,88.89,45195777.0,16.177,31.9,11.198,7.441,18933.907,0.6,191.032,5.5,16.2,27.7,,5.0,76.67,0.825
ARG,South America,Argentina,2020-06-06,21024.0,1769.0,802.571,632.0,44.0,16.0,465.176,39.141,17.758,13.984000000000002,0.9740000000000001,0.354,,,,,,,,,,88.89,45195777.0,16.177,31.9,11.198,7.441,18933.907,0.6,191.032,5.5,16.2,27.7,,5.0,76.67,0.825
ARG,South America,Argentina,2020-06-07,22007.0,983.0,829.429,648.0,16.0,17.143,486.926,21.75,18.352,14.338,0.354,0.379,,,,,,,,,,88.89,45195777.0,16.177,31.9,11.198,7.441,18933.907,0.6,191.032,5.5,16.2,27.7,,5.0,76.67,0.825
ARG,South America,Argentina,2020-06-08,22781.0,774.0,849.0,664.0,16.0,17.857,504.05199999999996,17.125,18.785,14.692,0.354,0.395,,,,,,,,,,88.89,45195777.0,16.177,31.9,11.198,7.441,18933.907,0.6,191.032,5.5,16.2,27.7,,5.0,76.67,0.825
ARG,South America,Argentina,2020-06-09,23607.0,826.0,886.429,693.0,29.0,19.570999999999998,522.328,18.276,19.613,15.333,0.642,0.433,,,,,,,,,,88.89,45195777.0,16.177,31.9,11.198,7.441,18933.907,0.6,191.032,5.5,16.2,27.7,,5.0,76.67,0.825
ARG,South America,Argentina,2020-06-10,24748.0,1141.0,920.2860000000001,717.0,24.0,21.143,547.573,25.246,20.362000000000002,15.864,0.531,0.46799999999999997,,,,,,,,,,88.89,45195777.0,16.177,31.9,11.198,7.441,18933.907,0.6,191.032,5.5,16.2,27.7,,5.0,76.67,0.825
ARG,South America,Argentina,2020-06-11,25987.0,1239.0,961.7139999999999,735.0,18.0,21.714000000000002,574.987,27.414,21.279,16.262999999999998,0.39799999999999996,0.48,,,,,,,,,,88.89,45195777.0,16.177,31.9,11.198,7.441,18933.907,0.6,191.032,5.5,16.2,27.7,,5.0,76.67,0.825
ARG,South America,Argentina,2020-06-12,27360.0,1373.0,1157.857,765.0,30.0,25.285999999999998,605.366,30.379,25.619,16.926,0.664,0.5589999999999999,,,,,,,,,,88.89,45195777.0,16.177,31.9,11.198,7.441,18933.907,0.6,191.032,5.5,16.2,27.7,,5.0,76.67,0.825
ARG,South America,Argentina,2020-06-13,28751.0,1391.0,1103.857,785.0,20.0,21.857,636.144,30.776999999999997,24.424,17.369,0.44299999999999995,0.484,,,,,,,,,,88.89,45195777.0,16.177,31.9,11.198,7.441,18933.907,0.6,191.032,5.5,16.2,27.7,,5.0,76.67,0.825
ARG,South America,Argentina,2020-06-14,30282.0,1531.0,1182.143,815.0,30.0,23.857,670.018,33.875,26.156,18.033,0.664,0.528,,,,,,,,,,88.89,45195777.0,16.177,31.9,11.198,7.441,18933.907,0.6,191.032,5.5,16.2,27.7,,5.0,76.67,0.825
ARG,South America,Argentina,2020-06-15,31564.0,1282.0,1254.714,833.0,18.0,24.143,698.3839999999999,28.365,27.761999999999997,18.430999999999997,0.39799999999999996,0.534,,,,,,,,,,88.89,45195777.0,16.177,31.9,11.198,7.441,18933.907,0.6,191.032,5.5,16.2,27.7,,5.0,76.67,0.825
ARG,South America,Argentina,2020-06-16,32772.0,1208.0,1309.286,854.0,21.0,23.0,725.112,26.728,28.969,18.896,0.465,0.509,,,,,,,,,,88.89,45195777.0,16.177,31.9,11.198,7.441,18933.907,0.6,191.032,5.5,16.2,27.7,,5.0,76.67,0.825
ARG,South America,Argentina,2020-06-17,34146.0,1374.0,1342.5710000000001,878.0,24.0,23.0,755.513,30.401,29.706,19.427,0.531,0.509,,,,,,,,,,88.89,45195777.0,16.177,31.9,11.198,7.441,18933.907,0.6,191.032,5.5,16.2,27.7,,5.0,76.67,0.825
ARG,South America,Argentina,2020-06-18,35539.0,1393.0,1364.5710000000001,913.0,35.0,25.429000000000002,786.335,30.820999999999998,30.191999999999997,20.201,0.774,0.563,,,,,,,,,,88.89,45195777.0,16.177,31.9,11.198,7.441,18933.907,0.6,191.032,5.5,16.2,27.7,,5.0,76.67,0.825
ARG,South America,Argentina,2020-06-19,35539.0,0.0,1168.4289999999999,929.0,16.0,23.429000000000002,786.335,0.0,25.853,20.555,0.354,0.518,,,,,,,,,,88.89,45195777.0,16.177,31.9,11.198,7.441,18933.907,0.6,191.032,5.5,16.2,27.7,,5.0,76.67,0.825
ARG,South America,Argentina,2020-06-20,39557.0,4018.0,1543.714,979.0,50.0,27.714000000000002,875.237,88.902,34.156,21.660999999999998,1.1059999999999999,0.613,,,,,,,,,,88.89,45195777.0,16.177,31.9,11.198,7.441,18933.907,0.6,191.032,5.5,16.2,27.7,,5.0,76.67,0.825
ARG,South America,Argentina,2020-06-21,41191.0,1634.0,1558.4289999999999,992.0,13.0,25.285999999999998,911.39,36.154,34.482,21.949,0.28800000000000003,0.5589999999999999,,,,,,,,,,88.89,45195777.0,16.177,31.9,11.198,7.441,18933.907,0.6,191.032,5.5,16.2,27.7,,5.0,76.67,0.825
ARG,South America,Argentina,2020-06-22,42772.0,1581.0,1601.1429999999998,1011.0,19.0,25.429000000000002,946.372,34.981,35.427,22.369,0.42,0.563,,,,,,,,,,88.89,45195777.0,16.177,31.9,11.198,7.441,18933.907,0.6,191.032,5.5,16.2,27.7,,5.0,76.67,0.825
ARG,South America,Argentina,2020-06-23,44918.0,2146.0,1735.1429999999998,1043.0,32.0,27.0,993.8539999999999,47.482,38.391999999999996,23.076999999999998,0.708,0.597,,,,,,,,,,88.89,45195777.0,16.177,31.9,11.198,7.441,18933.907,0.6,191.032,5.5,16.2,27.7,,5.0,76.67,0.825
ARG,South America,Argentina,2020-06-24,44918.0,0.0,1538.8570000000002,1049.0,6.0,24.429000000000002,993.8539999999999,0.0,34.049,23.21,0.133,0.541,,,,,,,,,,88.89,45195777.0,16.177,31.9,11.198,7.441,18933.907,0.6,191.032,5.5,16.2,27.7,,5.0,76.67,0.825
ARG,South America,Argentina,2020-06-25,49838.0,4920.0,2042.714,1085.0,36.0,24.570999999999998,1102.714,108.86,45.196999999999996,24.006999999999998,0.797,0.544,,,,,,,,,,88.89,45195777.0,16.177,31.9,11.198,7.441,18933.907,0.6,191.032,5.5,16.2,27.7,,5.0,76.67,0.825
ARG,South America,Argentina,2020-06-26,52444.0,2606.0,2415.0,1124.0,39.0,27.857,1160.374,57.66,53.434,24.87,0.863,0.616,,,,,,,,,,88.89,45195777.0,16.177,31.9,11.198,7.441,18933.907,0.6,191.032,5.5,16.2,27.7,,5.0,76.67,0.825
ARG,South America,Argentina,2020-06-27,52444.0,0.0,1841.0,1167.0,43.0,26.857,1160.374,0.0,40.734,25.820999999999998,0.951,0.594,,,,,,,,,,88.89,45195777.0,16.177,31.9,11.198,7.441,18933.907,0.6,191.032,5.5,16.2,27.7,,5.0,76.67,0.825
ARG,South America,Argentina,2020-06-28,57731.0,5287.0,2362.857,1207.0,40.0,30.714000000000002,1277.354,116.98,52.28,26.706,0.885,0.68,,,,,,,,,,88.89,45195777.0,16.177,31.9,11.198,7.441,18933.907,0.6,191.032,5.5,16.2,27.7,,5.0,76.67,0.825
ARG,South America,Argentina,2020-06-29,57731.0,0.0,2137.0,1217.0,10.0,29.429000000000002,1277.354,0.0,47.283,26.927,0.221,0.6509999999999999,,,,,,,,,,88.89,45195777.0,16.177,31.9,11.198,7.441,18933.907,0.6,191.032,5.5,16.2,27.7,,5.0,76.67,0.825
ARG,South America,Argentina,2020-06-30,62255.0,4524.0,2476.714,1280.0,63.0,33.857,1377.4520000000002,100.098,54.8,28.320999999999998,1.3940000000000001,0.7490000000000001,,,,,,,,,,88.89,45195777.0,16.177,31.9,11.198,7.441,18933.907,0.6,191.032,5.5,16.2,27.7,,5.0,76.67,0.825
ARG,South America,Argentina,2020-07-01,64517.0,2262.0,2799.857,1307.0,27.0,36.857,1427.501,50.049,61.95,28.919,0.597,0.815,,,,,,,,,,92.59,45195777.0,16.177,31.9,11.198,7.441,18933.907,0.6,191.032,5.5,16.2,27.7,,5.0,76.67,0.825
ARG,South America,Argentina,2020-07-02,67184.0,2667.0,2478.0,1351.0,44.0,38.0,1486.511,59.01,54.828,29.892,0.9740000000000001,0.841,,,,,,,,,,81.48,45195777.0,16.177,31.9,11.198,7.441,18933.907,0.6,191.032,5.5,16.2,27.7,,5.0,76.67,0.825
ARG,South America,Argentina,2020-07-03,69928.0,2744.0,2497.714,1385.0,34.0,37.286,1547.224,60.714,55.263999999999996,30.644000000000002,0.752,0.825,,,,,,,,,,92.59,45195777.0,16.177,31.9,11.198,7.441,18933.907,0.6,191.032,5.5,16.2,27.7,,5.0,76.67,0.825
ARG,South America,Argentina,2020-07-04,72773.0,2845.0,2904.143,1437.0,52.0,38.571,1610.1729999999998,62.948,64.257,31.795,1.151,0.853,,,,,,,,,,92.59,45195777.0,16.177,31.9,11.198,7.441,18933.907,0.6,191.032,5.5,16.2,27.7,,5.0,76.67,0.825
ARG,South America,Argentina,2020-07-05,72773.0,0.0,2148.857,1453.0,16.0,35.143,1610.1729999999998,0.0,47.54600000000001,32.149,0.354,0.778,,,,,,,,,,92.59,45195777.0,16.177,31.9,11.198,7.441,18933.907,0.6,191.032,5.5,16.2,27.7,,5.0,76.67,0.825
ARG,South America,Argentina,2020-07-06,75363.0,2590.0,2518.857,1490.0,37.0,39.0,1667.479,57.306000000000004,55.732,32.968,0.8190000000000001,0.863,,,,,,,,,,92.59,45195777.0,16.177,31.9,11.198,7.441,18933.907,0.6,191.032,5.5,16.2,27.7,,5.0,76.67,0.825
ARG,South America,Argentina,2020-07-07,77802.0,2439.0,2221.0,1523.0,33.0,34.714,1721.444,53.965,49.141999999999996,33.698,0.73,0.768,,,,,,,,,,92.59,45195777.0,16.177,31.9,11.198,7.441,18933.907,0.6,191.032,5.5,16.2,27.7,,5.0,76.67,0.825
ARG,South America,Argentina,2020-07-08,80434.0,2632.0,2273.857,1602.0,79.0,42.143,1779.68,58.236000000000004,50.31100000000001,35.446,1.7480000000000002,0.932,,,,,,,,,,92.59,45195777.0,16.177,31.9,11.198,7.441,18933.907,0.6,191.032,5.5,16.2,27.7,,5.0,76.67,0.825
ARG,South America,Argentina,2020-07-09,83413.0,2979.0,2318.429,1654.0,52.0,43.286,1845.5929999999998,65.913,51.297,36.596,1.151,0.958,,,,,,,,,,92.59,45195777.0,16.177,31.9,11.198,7.441,18933.907,0.6,191.032,5.5,16.2,27.7,,5.0,76.67,0.825
ARG,South America,Argentina,2020-07-10,87017.0,3604.0,2441.286,1707.0,53.0,46.0,1925.335,79.742,54.016000000000005,37.769,1.173,1.018,,,,,,,,,,92.59,45195777.0,16.177,31.9,11.198,7.441,18933.907,0.6,191.032,5.5,16.2,27.7,,5.0,76.67,0.825
ARG,South America,Argentina,2020-07-11,90680.0,3663.0,2558.143,1749.0,42.0,44.571000000000005,2006.382,81.047,56.601000000000006,38.698,0.929,0.986,,,,,,,,,,92.59,45195777.0,16.177,31.9,11.198,7.441,18933.907,0.6,191.032,5.5,16.2,27.7,,5.0,76.67,0.825
ARG,South America,Argentina,2020-07-12,94047.0,3367.0,3039.143,1810.0,61.0,51.0,2080.88,74.498,67.244,40.048,1.35,1.128,,,,,,,,,,92.59,45195777.0,16.177,31.9,11.198,7.441,18933.907,0.6,191.032,5.5,16.2,27.7,,5.0,76.67,0.825
ARG,South America,Argentina,2020-07-13,97496.0,3449.0,3161.857,1818.0,8.0,46.857,2157.1929999999998,76.312,69.959,40.225,0.177,1.037,,,,,,,,,,92.59,45195777.0,16.177,31.9,11.198,7.441,18933.907,0.6,191.032,5.5,16.2,27.7,,5.0,76.67,0.825
ARG,South America,Argentina,2020-07-14,100153.0,2657.0,3193.0,1903.0,85.0,54.286,2215.981,58.788999999999994,70.648,42.106,1.881,1.2009999999999998,,,,,,,,,,92.59,45195777.0,16.177,31.9,11.198,7.441,18933.907,0.6,191.032,5.5,16.2,27.7,,5.0,76.67,0.825
ARG,South America,Argentina,2020-07-15,103252.0,3099.0,3259.7140000000004,1926.0,23.0,46.286,2284.55,68.568,72.124,42.615,0.509,1.024,,,,,,,,,,92.59,45195777.0,16.177,31.9,11.198,7.441,18933.907,0.6,191.032,5.5,16.2,27.7,,5.0,76.67,0.825
ARG,South America,Argentina,2020-07-16,106897.0,3645.0,3354.857,2050.0,124.0,56.571000000000005,2365.199,80.649,74.229,45.358000000000004,2.7439999999999998,1.252,,,,,,,,,,92.59,45195777.0,16.177,31.9,11.198,7.441,18933.907,0.6,191.032,5.5,16.2,27.7,,5.0,76.67,0.825
ARG,South America,Argentina,2020-07-17,111147.0,4250.0,3447.143,2112.0,62.0,57.857,2459.234,94.035,76.271,46.73,1.3719999999999999,1.28,,,,,,,,,,92.59,45195777.0,16.177,31.9,11.198,7.441,18933.907,0.6,191.032,5.5,16.2,27.7,,5.0,76.67,0.825
ARG,South America,Argentina,2020-07-18,114770.0,3623.0,3441.429,2133.0,21.0,54.857,2539.397,80.16199999999999,76.145,47.195,0.465,1.214,,,,,,,,,,92.59,45195777.0,16.177,31.9,11.198,7.441,18933.907,0.6,191.032,5.5,16.2,27.7,,5.0,76.67,0.825
ARG,South America,Argentina,2020-07-19,119288.0,4518.0,3605.857,2204.0,71.0,56.286,2639.362,99.965,79.783,48.766000000000005,1.571,1.245,,,,,,,,,,92.59,45195777.0,16.177,31.9,11.198,7.441,18933.907,0.6,191.032,5.5,16.2,27.7,,5.0,76.67,0.825
ARG,South America,Argentina,2020-07-20,122511.0,3223.0,3573.571,2246.0,42.0,61.143,2710.6740000000004,71.312,79.069,49.695,0.929,1.3530000000000002,,,,,,,,,,90.74,45195777.0,16.177,31.9,11.198,7.441,18933.907,0.6,191.032,5.5,16.2,27.7,,5.0,76.67,0.825
ARG,South America,Argentina,2020-07-21,126742.0,4231.0,3798.429,2373.0,127.0,67.143,2804.289,93.615,84.044,52.505,2.81,1.486,,,,,,,,,,90.74,45195777.0,16.177,31.9,11.198,7.441,18933.907,0.6,191.032,5.5,16.2,27.7,,5.0,76.67,0.825
ARG,South America,Argentina,2020-07-22,130761.0,4019.0,3929.857,2373.0,0.0,63.857,2893.2129999999997,88.92399999999999,86.95200000000001,52.505,0.0,1.413,,,,,,,,,,90.74,45195777.0,16.177,31.9,11.198,7.441,18933.907,0.6,191.032,5.5,16.2,27.7,,5.0,76.67,0.825
ARG,South America,Argentina,2020-07-23,136105.0,5344.0,4172.571,2506.0,133.0,65.143,3011.454,118.241,92.322,55.448,2.943,1.4409999999999998,,,,,,,,,,90.74,45195777.0,16.177,31.9,11.198,7.441,18933.907,0.6,191.032,5.5,16.2,27.7,,5.0,76.67,0.825
ARG,South America,Argentina,2020-07-24,141887.0,5782.0,4391.429,2617.0,111.0,72.143,3139.386,127.932,97.165,57.903999999999996,2.456,1.5959999999999999,,,,,,,,,,90.74,45195777.0,16.177,31.9,11.198,7.441,18933.907,0.6,191.032,5.5,16.2,27.7,,5.0,76.67,0.825
ARG,South America,Argentina,2020-07-25,148014.0,6127.0,4749.143,2722.0,105.0,84.14299999999999,3274.952,135.566,105.079,60.227,2.323,1.8619999999999999,,,,,,,,,,90.74,45195777.0,16.177,31.9,11.198,7.441,18933.907,0.6,191.032,5.5,16.2,27.7,,5.0,76.67,0.825
ARG,South America,Argentina,2020-07-26,153507.0,5493.0,4888.429,2847.0,125.0,91.85700000000001,3396.49,121.538,108.161,62.993,2.766,2.032,,,,,,,,,,90.74,45195777.0,16.177,31.9,11.198,7.441,18933.907,0.6,191.032,5.5,16.2,27.7,,5.0,76.67,0.825
ARG,South America,Argentina,2020-07-27,162513.0,9006.0,5714.571,2939.0,92.0,99.0,3595.756,199.266,126.44,65.028,2.036,2.19,,,,,,,,,,90.74,45195777.0,16.177,31.9,11.198,7.441,18933.907,0.6,191.032,5.5,16.2,27.7,,5.0,76.67,0.825
ARG,South America,Argentina,2020-07-28,162513.0,0.0,5110.143,2956.0,17.0,83.286,3595.756,0.0,113.06700000000001,65.404,0.376,1.8430000000000002,,,,,,,,,,90.74,45195777.0,16.177,31.9,11.198,7.441,18933.907,0.6,191.032,5.5,16.2,27.7,,5.0,76.67,0.825
ARG,South America,Argentina,2020-07-29,167403.0,4890.0,5234.571,3082.0,126.0,101.286,3703.952,108.196,115.82,68.192,2.7880000000000003,2.241,,,,,,,,,,90.74,45195777.0,16.177,31.9,11.198,7.441,18933.907,0.6,191.032,5.5,16.2,27.7,,5.0,76.67,0.825
ARG,South America,Argentina,2020-07-30,173342.0,5939.0,5319.571,3200.0,118.0,99.14299999999999,3835.3579999999997,131.406,117.70100000000001,70.803,2.611,2.194,,,,,,,,,,90.74,45195777.0,16.177,31.9,11.198,7.441,18933.907,0.6,191.032,5.5,16.2,27.7,,5.0,76.67,0.825
ARG,South America,Argentina,2020-07-31,178983.0,5641.0,5299.429,3311.0,111.0,99.14299999999999,3960.171,124.81299999999999,117.255,73.259,2.456,2.194,,,,,,,,,,90.74,45195777.0,16.177,31.9,11.198,7.441,18933.907,0.6,191.032,5.5,16.2,27.7,,5.0,76.67,0.825
ARG,South America,Argentina,2020-08-01,185360.0,6377.0,5335.143,3466.0,155.0,106.286,4101.268,141.097,118.045,76.689,3.43,2.352,,,,,,,,,,90.74,45195777.0,16.177,31.9,11.198,7.441,18933.907,0.6,191.032,5.5,16.2,27.7,,5.0,76.67,0.825
ARG,South America,Argentina,2020-08-02,191289.0,5929.0,5397.429,3558.0,92.0,101.571,4232.4529999999995,131.185,119.42299999999999,78.72399999999999,2.036,2.247,,,,,,,,,,90.74,45195777.0,16.177,31.9,11.198,7.441,18933.907,0.6,191.032,5.5,16.2,27.7,,5.0,76.67,0.825
ARG,South America,Argentina,2020-08-03,196530.0,5241.0,4859.571,3612.0,54.0,96.14299999999999,4348.415,115.962,107.523,79.919,1.195,2.127,,,,,,,,,,88.89,45195777.0,16.177,31.9,11.198,7.441,18933.907,0.6,191.032,5.5,16.2,27.7,,5.0,76.67,0.825
ARG,South America,Argentina,2020-08-04,201906.0,5376.0,5627.571,3667.0,55.0,101.571,4467.3640000000005,118.949,124.515,81.13600000000001,1.217,2.247,,,,,,,,,,88.89,45195777.0,16.177,31.9,11.198,7.441,18933.907,0.6,191.032,5.5,16.2,27.7,,5.0,76.67,0.825
ARG,South America,Argentina,2020-08-05,206730.0,4824.0,5618.143,3863.0,196.0,111.571,4574.1,106.736,124.307,85.473,4.337,2.469,,,,,,,,,,88.89,45195777.0,16.177,31.9,11.198,7.441,18933.907,0.6,191.032,5.5,16.2,27.7,,5.0,76.67,0.825
ARG,South America,Argentina,2020-08-06,213522.0,6792.0,5740.0,4009.0,146.0,115.571,4724.379,150.28,127.00299999999999,88.70299999999999,3.23,2.557,,,,,,,,,,88.89,45195777.0,16.177,31.9,11.198,7.441,18933.907,0.6,191.032,5.5,16.2,27.7,,5.0,76.67,0.825
ARG,South America,Argentina,2020-08-07,220669.0,7147.0,5955.143,4135.0,126.0,117.714,4882.514,158.134,131.763,91.491,2.7880000000000003,2.605,,,,,,,,,,87.96,45195777.0,16.177,31.9,11.198,7.441,18933.907,0.6,191.032,5.5,16.2,27.7,,5.0,76.67,0.825
ARG,South America,Argentina,2020-08-08,228182.0,7513.0,6117.429,4291.0,156.0,117.85700000000001,5048.746,166.232,135.35399999999998,94.94200000000001,3.452,2.608,,,,,,,,,,87.96,45195777.0,16.177,31.9,11.198,7.441,18933.907,0.6,191.032,5.5,16.2,27.7,,5.0,76.67,0.825
ARG,South America,Argentina,2020-08-09,235664.0,7482.0,6339.286,4450.0,159.0,127.429,5214.292,165.546,140.263,98.461,3.5180000000000002,2.819,,,,,,,,,,87.96,45195777.0,16.177,31.9,11.198,7.441,18933.907,0.6,191.032,5.5,16.2,27.7,,5.0,76.67,0.825
ARG,South America,Argentina,2020-08-10,241798.0,6134.0,6466.857,4556.0,106.0,134.857,5350.013000000001,135.721,143.085,100.806,2.345,2.984,,,,,,,,,,87.96,45195777.0,16.177,31.9,11.198,7.441,18933.907,0.6,191.032,5.5,16.2,27.7,,5.0,76.67,0.825
ARG,South America,Argentina,2020-08-11,246486.0,4688.0,6368.571,4634.0,78.0,138.143,5453.74,103.727,140.911,102.53200000000001,1.726,3.057,,,,,,,,,,87.96,45195777.0,16.177,31.9,11.198,7.441,18933.907,0.6,191.032,5.5,16.2,27.7,,5.0,76.67,0.825
ARG,South America,Argentina,2020-08-12,253855.0,7369.0,6732.143,4785.0,151.0,131.714,5616.786,163.046,148.955,105.87299999999999,3.341,2.9139999999999997,,,,,,,,,,87.96,45195777.0,16.177,31.9,11.198,7.441,18933.907,0.6,191.032,5.5,16.2,27.7,,5.0,76.67,0.825
ARG,South America,Argentina,2020-08-13,260898.0,7043.0,6768.0,5088.0,303.0,154.143,5772.619000000001,155.833,149.749,112.57700000000001,6.704,3.411,,,,,,,,,,87.96,45195777.0,16.177,31.9,11.198,7.441,18933.907,0.6,191.032,5.5,16.2,27.7,,5.0,76.67,0.825
ARG,South America,Argentina,2020-08-14,268561.0,7663.0,6841.714,5246.0,158.0,158.714,5942.17,169.551,151.38,116.073,3.4960000000000004,3.512,,,,,,,,,,87.96,45195777.0,16.177,31.9,11.198,7.441,18933.907,0.6,191.032,5.5,16.2,27.7,,5.0,76.67,0.825
ARG,South America,Argentina,2020-08-15,276059.0,7498.0,6839.571,5428.0,182.0,162.429,6108.071,165.9,151.332,120.1,4.027,3.594,,,,,,,,,,87.96,45195777.0,16.177,31.9,11.198,7.441,18933.907,0.6,191.032,5.5,16.2,27.7,,5.0,76.67,0.825
ARG,South America,Argentina,2020-08-16,282424.0,6365.0,6680.0,5565.0,137.0,159.286,6248.901999999999,140.832,147.80100000000002,123.131,3.031,3.5239999999999996,,,,,,,,,,87.96,45195777.0,16.177,31.9,11.198,7.441,18933.907,0.6,191.032,5.5,16.2,27.7,,5.0,76.67,0.825
ARG,South America,Argentina,2020-08-17,289087.0,6663.0,6755.571,5657.0,92.0,157.286,6396.328,147.425,149.474,125.167,2.036,3.48,,,,,,,,,,87.96,45195777.0,16.177,31.9,11.198,7.441,18933.907,0.6,191.032,5.5,16.2,27.7,,5.0,76.67,0.825
ARG,South America,Argentina,2020-08-18,294556.0,5469.0,6867.143,5750.0,93.0,159.429,6517.335,121.007,151.942,127.22399999999999,2.0580000000000003,3.528,,,,,,,,,,87.96,45195777.0,16.177,31.9,11.198,7.441,18933.907,0.6,191.032,5.5,16.2,27.7,,5.0,76.67,0.825
ARG,South America,Argentina,2020-08-19,299113.0,4557.0,6465.429,5877.0,127.0,156.0,6618.1630000000005,100.82799999999999,143.054,130.034,2.81,3.452,,,,,,,,,,87.96,45195777.0,16.177,31.9,11.198,7.441,18933.907,0.6,191.032,5.5,16.2,27.7,,5.0,76.67,0.825
ARG,South America,Argentina,2020-08-20,305953.0,6840.0,6436.429,6114.0,237.0,146.571,6769.504,151.342,142.412,135.278,5.244,3.2430000000000003,,,,,,,,,,87.96,45195777.0,16.177,31.9,11.198,7.441,18933.907,0.6,191.032,5.5,16.2,27.7,,5.0,76.67,0.825
ARG,South America,Argentina,2020-08-21,312646.0,6693.0,6297.857,6406.0,292.0,165.71400000000003,6917.593000000001,148.089,139.346,141.739,6.461,3.667,,,,,,,,,,87.96,45195777.0,16.177,31.9,11.198,7.441,18933.907,0.6,191.032,5.5,16.2,27.7,,5.0,76.67,0.825
ARG,South America,Argentina,2020-08-22,320871.0,8225.0,6401.714,6567.0,161.0,162.714,7099.579000000001,181.986,141.644,145.30100000000002,3.562,3.6,,,,,,,,,,87.96,45195777.0,16.177,31.9,11.198,7.441,18933.907,0.6,191.032,5.5,16.2,27.7,,5.0,76.67,0.825
ARG,South America,Argentina,2020-08-23,329030.0,8159.0,6658.0,6795.0,228.0,175.71400000000003,7280.105,180.52599999999998,147.315,150.346,5.045,3.888,,,,,,,,,,87.96,45195777.0,16.177,31.9,11.198,7.441,18933.907,0.6,191.032,5.5,16.2,27.7,,5.0,76.67,0.825
ARG,South America,Argentina,2020-08-24,336789.0,7759.0,6814.571,6848.0,53.0,170.143,7451.78,171.675,150.779,151.519,1.173,3.765,,,,,,,,,,87.96,45195777.0,16.177,31.9,11.198,7.441,18933.907,0.6,191.032,5.5,16.2,27.7,,5.0,76.67,0.825
ARG,South America,Argentina,2020-08-25,342141.0,5352.0,6797.857,7079.0,231.0,189.857,7570.198,118.41799999999999,150.409,156.63,5.111000000000001,4.2010000000000005,,,,,,,,,,87.96,45195777.0,16.177,31.9,11.198,7.441,18933.907,0.6,191.032,5.5,16.2,27.7,,5.0,76.67,0.825
ARG,South America,Argentina,2020-08-26,350854.0,8713.0,7391.571,7402.0,323.0,217.857,7762.982,192.783,163.546,163.776,7.147,4.82,,,,,,,,,,87.96,45195777.0,16.177,31.9,11.198,7.441,18933.907,0.6,191.032,5.5,16.2,27.7,,5.0,76.67,0.825
ARG,South America,Argentina,2020-08-27,359625.0,8771.0,7667.429,7661.0,259.0,221.0,7957.049,194.067,169.649,169.507,5.731,4.89,,,,,,,,,,87.96,45195777.0,16.177,31.9,11.198,7.441,18933.907,0.6,191.032,5.5,16.2,27.7,,5.0,76.67,0.825
ARG,South America,Argentina,2020-08-28,370175.0,10550.0,8218.429,7944.0,283.0,219.71400000000003,8190.478,233.429,181.84099999999998,175.769,6.2620000000000005,4.861000000000001,,,,,,,,,,87.96,45195777.0,16.177,31.9,11.198,7.441,18933.907,0.6,191.032,5.5,16.2,27.7,,5.0,76.67,0.825
ARG,South America,Argentina,2020-08-29,380279.0,10104.0,8486.857,8129.0,185.0,223.143,8414.038,223.56099999999998,187.78,179.862,4.093,4.937,,,,,,,,,,87.96,45195777.0,16.177,31.9,11.198,7.441,18933.907,0.6,191.032,5.5,16.2,27.7,,5.0,76.67,0.825
ARG,South America,Argentina,2020-08-30,392009.0,11730.0,8997.0,8305.0,176.0,215.71400000000003,8673.576,259.538,199.067,183.75599999999997,3.8939999999999997,4.773,,,,,,,,,,87.96,45195777.0,16.177,31.9,11.198,7.441,18933.907,0.6,191.032,5.5,16.2,27.7,,5.0,76.67,0.825
ARG,South America,Argentina,2020-08-31,401226.0,9217.0,9205.286,8401.0,96.0,221.857,8877.511,203.935,203.676,185.88,2.124,4.909,,,,,,,,,,87.96,45195777.0,16.177,31.9,11.198,7.441,18933.907,0.6,191.032,5.5,16.2,27.7,,5.0,76.67,0.825
ARG,South America,Argentina,2020-09-01,408413.0,7187.0,9467.429,8498.0,97.0,202.71400000000003,9036.53,159.019,209.476,188.02599999999998,2.146,4.485,,,,,,,,,,87.96,45195777.0,16.177,31.9,11.198,7.441,18933.907,0.6,191.032,5.5,16.2,27.7,,5.0,76.67,0.825
ARG,South America,Argentina,2020-09-02,417722.0,9309.0,9552.571,8730.0,232.0,189.71400000000003,9242.501,205.97099999999998,211.36,193.16,5.132999999999999,4.198,,,,,,,,,,87.96,45195777.0,16.177,31.9,11.198,7.441,18933.907,0.6,191.032,5.5,16.2,27.7,,5.0,76.67,0.825
ARG,South America,Argentina,2020-09-03,428226.0,10504.0,9800.143,8971.0,241.0,187.143,9474.912,232.41099999999997,216.838,198.49200000000002,5.332000000000001,4.141,,,,,,,,,,87.96,45195777.0,16.177,31.9,11.198,7.441,18933.907,0.6,191.032,5.5,16.2,27.7,,5.0,76.67,0.825
ARG,South America,Argentina,2020-09-04,439159.0,10933.0,9854.857,9155.0,184.0,173.0,9716.815,241.903,218.048,202.563,4.071000000000001,3.8280000000000003,,,,,,,,,,87.96,45195777.0,16.177,31.9,11.198,7.441,18933.907,0.6,191.032,5.5,16.2,27.7,,5.0,76.67,0.825
ARG,South America,Argentina,2020-09-05,451185.0,12026.0,10129.429,9468.0,313.0,191.28599999999997,9982.902,266.087,224.123,209.489,6.925,4.232,,,,,,,,,,87.96,45195777.0,16.177,31.9,11.198,7.441,18933.907,0.6,191.032,5.5,16.2,27.7,,5.0,76.67,0.825
ARG,South America,Argentina,2020-09-06,461869.0,10684.0,9980.0,9685.0,217.0,197.143,10219.295,236.394,220.817,214.29,4.801,4.362,,,,,,,,,,87.96,45195777.0,16.177,31.9,11.198,7.441,18933.907,0.6,191.032,5.5,16.2,27.7,,5.0,76.67,0.825
ARG,South America,Argentina,2020-09-07,471793.0,9924.0,10081.0,9807.0,122.0,200.857,10438.874,219.578,223.05200000000002,216.989,2.699,4.444,,,,,,,,,,87.96,45195777.0,16.177,31.9,11.198,7.441,18933.907,0.6,191.032,5.5,16.2,27.7,,5.0,76.67,0.825
ARG,South America,Argentina,2020-09-08,478779.0,6986.0,10052.286,9912.0,105.0,202.0,10593.445,154.572,222.416,219.313,2.323,4.468999999999999,,,,,,,,,,87.96,45195777.0,16.177,31.9,11.198,7.441,18933.907,0.6,191.032,5.5,16.2,27.7,,5.0,76.67,0.825
ARG,South America,Argentina,2020-09-09,487994.0,9215.0,10038.857,10179.0,267.0,207.0,10797.336000000001,203.891,222.11900000000003,225.22,5.9079999999999995,4.58,,,,,,,,,,87.96,45195777.0,16.177,31.9,11.198,7.441,18933.907,0.6,191.032,5.5,16.2,27.7,,5.0,76.67,0.825
ARG,South America,Argentina,2020-09-10,500021.0,12027.0,10256.429,10457.0,278.0,212.28599999999997,11063.445,266.10900000000004,226.933,231.37099999999998,6.151,4.697,,,,,,,,,,87.96,45195777.0,16.177,31.9,11.198,7.441,18933.907,0.6,191.032,5.5,16.2,27.7,,5.0,76.67,0.825
ARG,South America,Argentina,2020-09-11,512280.0,12259.0,10445.857,10713.0,256.0,222.571,11334.687,271.242,231.125,237.035,5.664,4.925,,,,,,,,,,87.96,45195777.0,16.177,31.9,11.198,7.441,18933.907,0.6,191.032,5.5,16.2,27.7,,5.0,76.67,0.825
ARG,South America,Argentina,2020-09-12,524185.0,11905.0,10428.571,10994.0,281.0,218.0,11598.097,263.41,230.74200000000002,243.253,6.2170000000000005,4.823,,,,,,,,,,87.96,45195777.0,16.177,31.9,11.198,7.441,18933.907,0.6,191.032,5.5,16.2,27.7,,5.0,76.67,0.825
ARG,South America,Argentina,2020-09-13,535690.0,11505.0,10545.857,11206.0,212.0,217.28599999999997,11852.656,254.55900000000003,233.33700000000002,247.94400000000002,4.691,4.808,,,,,,,,,,87.96,45195777.0,16.177,31.9,11.198,7.441,18933.907,0.6,191.032,5.5,16.2,27.7,,5.0,76.67,0.825
ARG,South America,Argentina,2020-09-14,546468.0,10778.0,10667.857,11307.0,101.0,214.28599999999997,12091.13,238.47400000000002,236.037,250.178,2.235,4.7410000000000005,,,,,,,,,,87.96,45195777.0,16.177,31.9,11.198,7.441,18933.907,0.6,191.032,5.5,16.2,27.7,,5.0,76.67,0.825
ARG,South America,Argentina,2020-09-15,555524.0,9056.0,10963.571000000002,11412.0,105.0,214.28599999999997,12291.502,200.373,242.58,252.50099999999998,2.323,4.7410000000000005,,,,,,,,,,87.96,45195777.0,16.177,31.9,11.198,7.441,18933.907,0.6,191.032,5.5,16.2,27.7,,5.0,76.67,0.825
ARG,South America,Argentina,2020-09-16,565432.0,9908.0,11062.571000000002,11710.0,298.0,218.71400000000003,12510.726,219.22400000000002,244.77,259.095,6.593999999999999,4.8389999999999995,,,,,,,,,,87.96,45195777.0,16.177,31.9,11.198,7.441,18933.907,0.6,191.032,5.5,16.2,27.7,,5.0,76.67,0.825
ARG,South America,Argentina,2020-09-17,577325.0,11893.0,11043.428999999998,11910.0,200.0,207.571,12773.87,263.144,244.34599999999998,263.52,4.425,4.593,,,,,,,,,,87.96,45195777.0,16.177,31.9,11.198,7.441,18933.907,0.6,191.032,5.5,16.2,27.7,,5.0,76.67,0.825
ARG,South America,Argentina,2020-09-18,588999.0,11674.0,10959.857,12229.0,319.0,216.571,13032.169,258.298,242.497,270.578,7.058,4.792,,,,,,,,,,87.96,45195777.0,16.177,31.9,11.198,7.441,18933.907,0.6,191.032,5.5,16.2,27.7,,5.0,76.67,0.825
ARG,South America,Argentina,2020-09-19,601700.0,12701.0,11073.571000000002,12491.0,262.0,213.857,13313.191,281.022,245.013,276.375,5.797000000000001,4.732,,,,,,,,,,87.96,45195777.0,16.177,31.9,11.198,7.441,18933.907,0.6,191.032,5.5,16.2,27.7,,5.0,76.67,0.825
ARG,South America,Argentina,2020-09-20,613645.0,11945.0,11136.428999999998,12705.0,214.0,214.143,13577.485,264.295,246.40400000000002,281.11,4.735,4.738,,,,,,,,,,87.96,45195777.0,16.177,31.9,11.198,7.441,18933.907,0.6,191.032,5.5,16.2,27.7,,5.0,76.67,0.825
ARG,South America,Argentina,2020-09-21,622921.0,9276.0,10921.857,12909.0,204.0,228.857,13782.726,205.24,241.657,285.624,4.513999999999999,5.064,,,,,,,,,,87.96,45195777.0,16.177,31.9,11.198,7.441,18933.907,0.6,191.032,5.5,16.2,27.7,,5.0,76.67,0.825
ARG,South America,Argentina,2020-09-22,640134.0,17213.0,12087.143,13482.0,573.0,295.714,14163.58,380.85400000000004,267.44,298.302,12.677999999999999,6.542999999999999,,,,,,,,,,87.96,45195777.0,16.177,31.9,11.198,7.441,18933.907,0.6,191.032,5.5,16.2,27.7,,5.0,76.67,0.825
ARG,South America,Argentina,2020-09-23,652161.0,12027.0,12389.857,13952.0,470.0,320.286,14429.688999999998,266.10900000000004,274.137,308.70099999999996,10.399000000000001,7.087000000000001,,,,,,,,,,87.96,45195777.0,16.177,31.9,11.198,7.441,18933.907,0.6,191.032,5.5,16.2,27.7,,5.0,76.67,0.825
ARG,South America,Argentina,2020-09-24,664799.0,12638.0,12496.286,14376.0,424.0,352.286,14709.317,279.628,276.492,318.08299999999997,9.381,7.795,,,,,,,,,,87.96,45195777.0,16.177,31.9,11.198,7.441,18933.907,0.6,191.032,5.5,16.2,27.7,,5.0,76.67,0.825
ARG,South America,Argentina,2020-09-25,678266.0,13467.0,12752.428999999998,14766.0,390.0,362.42900000000003,15007.287,297.97,282.16,326.712,8.629,8.019,,,,,,,,,,87.96,45195777.0,16.177,31.9,11.198,7.441,18933.907,0.6,191.032,5.5,16.2,27.7,,5.0,76.67,0.825
ARG,South America,Argentina,2020-09-26,691222.0,12956.0,12788.857,15208.0,442.0,388.14300000000003,15293.951000000001,286.664,282.966,336.49199999999996,9.78,8.588,,,,,,,,,,87.96,45195777.0,16.177,31.9,11.198,7.441,18933.907,0.6,191.032,5.5,16.2,27.7,,5.0,76.67,0.825
ARG,South America,Argentina,2020-09-27,702471.0,11249.0,12689.428999999998,15543.0,335.0,405.42900000000003,15542.846000000001,248.895,280.76599999999996,343.904,7.412000000000001,8.97,,,,,,,,,,87.96,45195777.0,16.177,31.9,11.198,7.441,18933.907,0.6,191.032,5.5,16.2,27.7,,5.0,76.67,0.825
ARG,South America,Argentina,2020-09-28,711312.0,8841.0,12627.286,15749.0,206.0,405.714,15738.462,195.61599999999999,279.39099999999996,348.462,4.558,8.977,,,,,,,,,,87.96,45195777.0,16.177,31.9,11.198,7.441,18933.907,0.6,191.032,5.5,16.2,27.7,,5.0,76.67,0.825
ARG,South America,Argentina,2020-09-29,723119.0,11807.0,11855.0,16113.0,364.0,375.85699999999997,15999.703000000001,261.241,262.303,356.51599999999996,8.054,8.316,,,,,,,,,,87.96,45195777.0,16.177,31.9,11.198,7.441,18933.907,0.6,191.032,5.5,16.2,27.7,,5.0,76.67,0.825
ARG,South America,Argentina,2020-09-30,736596.0,13477.0,12062.143,16519.0,406.0,366.714,16297.893999999998,298.192,266.887,365.499,8.982999999999999,8.113999999999999,,,,,,,,,,87.96,45195777.0,16.177,31.9,11.198,7.441,18933.907,0.6,191.032,5.5,16.2,27.7,,5.0,76.67,0.825
ARG,South America,Argentina,2020-10-01,750988.0,14392.0,12312.714,16937.0,418.0,365.85699999999997,16616.331000000002,318.437,272.431,374.74699999999996,9.249,8.095,,,,,,,,,,87.96,45195777.0,16.177,31.9,11.198,7.441,18933.907,0.6,191.032,5.5,16.2,27.7,,5.0,76.67,0.825
ARG,South America,Argentina,2020-10-02,764989.0,14001.0,12389.0,20288.0,3351.0,788.857,16926.117,309.786,274.119,448.89099999999996,74.14399999999999,17.454,,,,,,,,,,87.96,45195777.0,16.177,31.9,11.198,7.441,18933.907,0.6,191.032,5.5,16.2,27.7,,5.0,76.67,0.825
ARG,South America,Argentina,2020-10-03,779676.0,14687.0,12636.286,20599.0,311.0,770.143,17251.081000000002,324.964,279.59,455.773,6.881,17.04,,,,,,,,,,87.96,45195777.0,16.177,31.9,11.198,7.441,18933.907,0.6,191.032,5.5,16.2,27.7,,5.0,76.67,0.825
ARG,South America,Argentina,2020-10-04,790805.0,11129.0,12619.143,20795.0,196.0,750.2860000000001,17497.321,246.24,279.211,460.10900000000004,4.337,16.601,,,,,,,,,,87.96,45195777.0,16.177,31.9,11.198,7.441,18933.907,0.6,191.032,5.5,16.2,27.7,,5.0,76.67,0.825
ARG,South America,Argentina,2020-10-05,798473.0,7668.0,12451.571000000002,21018.0,223.0,752.7139999999999,17666.982,169.662,275.503,465.043,4.934,16.655,,,,,,,,,,87.96,45195777.0,16.177,31.9,11.198,7.441,18933.907,0.6,191.032,5.5,16.2,27.7,,5.0,76.67,0.825
ARG,South America,Argentina,2020-10-06,809715.0,11242.0,12370.857,21468.0,450.0,765.0,17915.723,248.74,273.717,475.0,9.957,16.926,,,,,,,,,,87.96,45195777.0,16.177,31.9,11.198,7.441,18933.907,0.6,191.032,5.5,16.2,27.7,,5.0,76.67,0.825
ARG,South America,Argentina,2020-10-07,824455.0,14740.0,12551.286,21827.0,359.0,758.2860000000001,18241.859,326.137,277.709,482.94300000000004,7.943,16.778,,,,,,,,,,87.96,45195777.0,16.177,31.9,11.198,7.441,18933.907,0.6,191.032,5.5,16.2,27.7,,5.0,76.67,0.825
ARG,South America,Argentina,2020-10-08,840902.0,16447.0,12844.857,22226.0,399.0,755.571,18605.765,363.906,284.205,491.772,8.828,16.718,,,,,,,,,,87.96,45195777.0,16.177,31.9,11.198,7.441,18933.907,0.6,191.032,5.5,16.2,27.7,,5.0,76.67,0.825
ARG,South America,Argentina,2020-10-09,856356.0,15454.0,13052.428999999998,22710.0,484.0,346.0,18947.699,341.935,288.798,502.481,10.709000000000001,7.656000000000001,,,,,,,,,,87.96,45195777.0,16.177,31.9,11.198,7.441,18933.907,0.6,191.032,5.5,16.2,27.7,,5.0,76.67,0.825
ARG,South America,Argentina,2020-10-10,871455.0,15099.0,13111.286,23225.0,515.0,375.14300000000003,19281.779,334.08,290.1,513.875,11.395,8.3,,,,,,,,,,82.87,45195777.0,16.177,31.9,11.198,7.441,18933.907,0.6,191.032,5.5,16.2,27.7,,5.0,76.67,0.825
ARG,South America,Argentina,2020-10-11,883883.0,12428.0,13296.857,23581.0,356.0,398.0,19556.761000000002,274.981,294.20599999999996,521.752,7.877000000000001,8.806000000000001,,,,,,,,,,82.87,45195777.0,16.177,31.9,11.198,7.441,18933.907,0.6,191.032,5.5,16.2,27.7,,5.0,76.67,0.825
ARG,South America,Argentina,2020-10-12,894193.0,10310.0,13674.286,23868.0,287.0,407.14300000000003,19784.879,228.11900000000003,302.557,528.102,6.35,9.008,,,,,,,,,,82.87,45195777.0,16.177,31.9,11.198,7.441,18933.907,0.6,191.032,5.5,16.2,27.7,,5.0,76.67,0.825
ARG,South America,Argentina,2020-10-13,903717.0,9524.0,13428.857,24186.0,318.0,388.286,19995.607,210.72799999999998,297.126,535.138,7.0360000000000005,8.591000000000001,,,,,,,,,,82.87,45195777.0,16.177,31.9,11.198,7.441,18933.907,0.6,191.032,5.5,16.2,27.7,,5.0,76.67,0.825
ARG,South America,Argentina,2020-10-14,917022.0,13305.0,13223.857,24572.0,386.0,392.14300000000003,20289.993000000002,294.38599999999997,292.591,543.679,8.541,8.677,,,,,,,,,,82.87,45195777.0,16.177,31.9,11.198,7.441,18933.907,0.6,191.032,5.5,16.2,27.7,,5.0,76.67,0.825
ARG,South America,Argentina,2020-10-15,931954.0,14932.0,13007.428999999998,24921.0,349.0,385.0,20620.378,330.385,287.802,551.401,7.722,8.517999999999999,,,,,,,,,,82.87,45195777.0,16.177,31.9,11.198,7.441,18933.907,0.6,191.032,5.5,16.2,27.7,,5.0,76.67,0.825
ARG,South America,Argentina,2020-10-16,949050.0,17096.0,13242.0,25342.0,421.0,376.0,20998.642999999996,378.265,292.992,560.716,9.315,8.318999999999999,,,,,,,,,,82.87,45195777.0,16.177,31.9,11.198,7.441,18933.907,0.6,191.032,5.5,16.2,27.7,,5.0,76.67,0.825
ARG,South America,Argentina,2020-10-17,965596.0,16546.0,13448.714,25723.0,381.0,356.85699999999997,21364.738999999998,366.096,297.566,569.146,8.43,7.896,,,,,,,,,,82.87,45195777.0,16.177,31.9,11.198,7.441,18933.907,0.6,191.032,5.5,16.2,27.7,,5.0,76.67,0.825
ARG,South America,Argentina,2020-10-18,979106.0,13510.0,13603.286,26107.0,384.0,360.85699999999997,21663.661,298.922,300.986,577.6419999999999,8.496,7.984,,,,,,,,,,82.87,45195777.0,16.177,31.9,11.198,7.441,18933.907,0.6,191.032,5.5,16.2,27.7,,5.0,76.67,0.825
ARG,South America,Argentina,2020-10-19,989667.0,10561.0,13639.143,26267.0,160.0,342.714,21897.333,233.672,301.779,581.183,3.54,7.582999999999999,,,,,,,,,,82.87,45195777.0,16.177,31.9,11.198,7.441,18933.907,0.6,191.032,5.5,16.2,27.7,,5.0,76.67,0.825
ARG,South America,Argentina,2020-10-20,1002649.0,12982.0,14133.143,26716.0,449.0,361.42900000000003,22184.572999999997,287.23900000000003,312.709,591.117,9.935,7.997000000000001,,,,,,,,,,82.87,45195777.0,16.177,31.9,11.198,7.441,18933.907,0.6,191.032,5.5,16.2,27.7,,5.0,76.67,0.825
ARG,South America,Argentina,2020-10-21,1018986.0,16337.0,14566.286,27100.0,384.0,361.14300000000003,22546.045,361.472,322.293,599.614,8.496,7.9910000000000005,,,,,,,,,,,45195777.0,16.177,31.9,11.198,7.441,18933.907,0.6,191.032,5.5,16.2,27.7,,5.0,76.67,0.825
ARG,South America,Argentina,2020-10-22,1037312.0,18326.0,15051.143,27519.0,419.0,371.14300000000003,22951.525,405.48,333.02099999999996,608.884,9.271,8.212,,,,,,,,,,,45195777.0,16.177,31.9,11.198,7.441,18933.907,0.6,191.032,5.5,16.2,27.7,,5.0,76.67,0.825
ARG,South America,Argentina,2020-10-23,1053637.0,16325.0,14941.0,27957.0,438.0,373.57099999999997,23312.731,361.20599999999996,330.584,618.575,9.691,8.266,,,,,,,,,,,45195777.0,16.177,31.9,11.198,7.441,18933.907,0.6,191.032,5.5,16.2,27.7,,5.0,76.67,0.825
ARG,South America,Argentina,2020-10-24,1069355.0,15718.0,14822.714,28338.0,381.0,373.57099999999997,23660.507,347.776,327.967,627.005,8.43,8.266,,,,,,,,,,,45195777.0,16.177,31.9,11.198,7.441,18933.907,0.6,191.032,5.5,16.2,27.7,,5.0,76.67,0.825
ARG,South America,Argentina,2020-10-25,1081323.0,11968.0,14602.428999999998,28613.0,275.0,358.0,23925.311,264.80400000000003,323.093,633.09,6.085,7.921,,,,,,,,,,,45195777.0,16.177,31.9,11.198,7.441,18933.907,0.6,191.032,5.5,16.2,27.7,,5.0,76.67,0.825
ARG,South America,Argentina,2020-10-26,1090576.0,9253.0,14415.571000000002,28896.0,283.0,375.57099999999997,24130.042,204.732,318.95799999999997,639.352,6.2620000000000005,8.31,,,,,,,,,,,45195777.0,16.177,31.9,11.198,7.441,18933.907,0.6,191.032,5.5,16.2,27.7,,5.0,76.67,0.825
ARG,South America,Argentina,2020-10-27,1102288.0,11712.0,14234.143,29301.0,405.0,369.286,24389.181,259.139,314.944,648.313,8.961,8.171,,,,,,,,,,,45195777.0,16.177,31.9,11.198,7.441,18933.907,0.6,191.032,5.5,16.2,27.7,,5.0,76.67,0.825
ARG,South America,Argentina,2020-10-28,1116596.0,14308.0,13944.286,29730.0,429.0,375.714,24705.76,316.578,308.531,657.805,9.492,8.312999999999999,,,,,,,,,,,45195777.0,16.177,31.9,11.198,7.441,18933.907,0.6,191.032,5.5,16.2,27.7,,5.0,76.67,0.825
